Profile_ID,Full_Name,Age,City,Country,Job_Profile,Personality_Type,Social_Style,Bio_Snippet
G001,Neha Iyer,30,Paris,France,Software Engineer,Bold & Edgy,Bold,"An assertive tech lead in Paris who sets firm boundaries."
G002,Meera Gupta,26,Hyderabad,India,Marketing Manager,The Athlete,Confident,"A goal-oriented manager who excels in fitness and strategy."
G003,Ananya Brown,27,Mumbai,India,HR Executive,The Creative,Shy,"A creative soul capturing Mumbai's essence through her lens."
G004,Isha Clark,30,Hyderabad,India,Entrepreneur,Bold & Edgy,Daring,"A daring business owner who isn't afraid to take big risks."
G005,Riya Kapoor,24,Chennai,India,Designer,The Techie,Gen Z,"A digital-native designer blending tech logic with modern style."
G006,Sofia Verma,20,Sydney,Australia,HR Executive,The Caretaker,Soft,"A gentle and empathetic professional focused on helping others."
G007,Olivia Singh,22,Toronto,Canada,Software Engineer,The Strategist,Balanced,"A logical thinker who maintains a perfect work-life balance."
G008,Aarohi Gupta,30,Hyderabad,India,Content Writer,The Intellectual,Very Shy,"A reserved and deeply intellectual writer who values privacy."
G009,Emma Brown,23,London,UK,Teacher,The Caretaker,Soft,"A nurturing teacher in London who finds peace in music."
G010,Amelia Kapoor,30,Delhi,India,Data Analyst,The Adventurer,Wild,"An independent spirit who lives for solo travel and adventure."
G011,Sofia Garcia,29,Kolkata,India,Student,The Dreamer,Very Shy,"A quiet student who finds inspiration in yoga and art."
G012,Mia Verma,24,Kolkata,India,Marketing Manager,The Socialite,Witty,"A sharp-tongued marketer known for her quick humor and charm."
G013,Sneha Sharma,26,Melbourne,Australia,Consultant,The Adventurer,Confident,"A world-traveling consultant with a self-assured personality."
G014,Emily Clark,28,Bengaluru,India,Designer,Bold & Edgy,Bold,"A bold designer who challenges norms and loves dark cinema."
G015,Emily Malhotra,30,Chennai,India,Content Writer,The Intellectual,Shy,"A thoughtful writer who prefers deep research over small talk."
G016,Isabella Iyer,20,Hyderabad,India,Content Writer,The Optimist,Soft,"A young, cheerful writer who sees the best in every situation."
G017,Priya Anderson,20,New York,USA,Entrepreneur,The Alpha,Confident,"A young New York entrepreneur with a clear vision for success."
G018,Sneha Sharma,18,New York,USA,Software Engineer,The Techie,Gen Z,"A teenage coding prodigy who expresses herself through tech."
G019,Luna Verma,30,London,UK,Software Engineer,The Caretaker,Balanced,"A stable and grounded engineer who values family and home."
G020,Meera Joshi,24,Toronto,Canada,HR Executive,The Athlete,Daring,"A competitive athlete who brings a daring edge to her HR role."
G021,Sneha Sharma,22,Kolkata,India,Student,The Caretaker,Soft,"A kind-hearted student dedicated to community service."
G022,Chloe Garcia,26,Bengaluru,India,Teacher,The Creative,Shy,"A quiet teacher who uses painting as her primary expression."
G023,Luna Kapoor,26,Madrid,Spain,Consultant,The Techie,Witty,"A consultant in Madrid with a dry wit and a love for gaming."
G024,Emma Mehta,22,Hyderabad,India,Entrepreneur,The Visionary,Confident,"A confident young business owner building her own empire."
G025,Meera Anderson,19,Melbourne,Australia,Content Writer,The Dreamer,Soft,"A soft-spoken writer with a vivid and poetic imagination."
G026,Emily Gupta,23,London,UK,Data Analyst,The Intellectual,Balanced,"A steady analyst who approaches life with logic and poise."
G027,Riya Martinez,19,Pune,India,Entrepreneur,Bold & Edgy,Wild,"An unpredictable and edgy entrepreneur who breaks all rules."
G028,Mia Wilson,19,Paris,France,Content Writer,The Socialite,Witty,"A charming socialite in Paris with a very clever sense of humor."
G029,Meera Gupta,27,Delhi,India,Entrepreneur,The Alpha,Bold,"A strong leader who commands respect in the Delhi business scene."
G030,Amelia Anderson,18,Delhi,India,Designer,The Socialite,Gen Z,"A trendy young designer who thrives in social environments."
G031,Sneha Harris,29,London,UK,Software Engineer,The Creative,Soft,"A graceful engineer who finds beauty in elegant code and art."
G032,Aarohi Harris,21,Melbourne,Australia,Teacher,The Dreamer,Very Shy,"A very private teacher who lives in a world of music and dreams."
G033,Meera Clark,26,Sydney,Australia,Teacher,The Intellectual,Shy,"A serious educator focused on intellectual growth and study."
G034,Mia Mehta,21,Melbourne,Australia,Software Engineer,The Athlete,Balanced,"A balanced professional who stays fit through yoga and sports."
G035,Isabella Lewis,22,New York,USA,Content Writer,The Intellectual,Shy,"A quiet scholar who values the power of the written word."
G036,Chloe Anderson,24,Mumbai,India,HR Executive,The Creative,Witty,"A creative HR professional who uses humor to solve conflicts."
G037,Riya Mehta,19,New York,USA,HR Executive,The Techie,Gen Z,"A tech-loving Gen Z professional navigating the NY HR world."
G038,Sofia Taylor,22,New York,USA,Consultant,The Creative,Confident,"A self-assured consultant with a flair for artistic solutions."
G039,Riya Harris,18,London,UK,Content Writer,The Caretaker,Soft,"A gentle young writer who prioritizes kindness and family."
G040,Olivia Clark,22,Hyderabad,India,Entrepreneur,Bold & Edgy,Daring,"A daring entrepreneur who loves to challenge existing boundaries."
G041,Aarohi Sharma,18,Madrid,Spain,Consultant,The Adventurer,Wild,"A wild-at-heart consultant exploring the world with no regrets."
G042,Riya Anderson,19,Pune,India,Entrepreneur,The Alpha,Bold,"A young, bold leader with an unstoppable drive for success."
G043,Aarohi Verma,26,Kolkata,India,Marketing Manager,The Intellectual,Shy,"A reserved marketing expert with a high intellectual capacity."
G044,Ananya Taylor,28,Hyderabad,India,Entrepreneur,The Techie,Gen Z,"A tech-focused entrepreneur with a modern, digital outlook."
G045,Ava Martinez,24,Bengaluru,India,Software Engineer,The Intellectual,Balanced,"A composed engineer who maintains perfect mental clarity."
G046,Isabella Kapoor,26,Toronto,Canada,Consultant,The Adventurer,Wild,"A consultant who chooses the most adventurous path in life."
G047,Sofia Wilson,20,Pune,India,Entrepreneur,The Socialite,Confident,"A confident social leader who brings people together for a cause."
G048,Chloe Harris,20,Berlin,Germany,Consultant,The Creative,Shy,"A shy but deeply creative consultant living in Berlin."
G049,Ava Wilson,30,Berlin,Germany,Marketing Manager,The Intellectual,Shy,"A focused and quiet manager who relies on data and logic."
G050,Ava Sharma,27,Chennai,India,Student,The Athlete,Bold,"A bold athlete who brings high energy to her studies and life."
G051,Ananya Lewis,18,Madrid,Spain,HR Executive,The Socialite,Gen Z,"A young Gen Z HR professional in Madrid who loves social trends."
G052,Kavya Lewis,22,Kolkata,India,Software Engineer,The Creative,Soft,"A soft-spoken engineer who expresses her creativity through painting."
G053,Priya Lewis,29,Melbourne,Australia,Student,The Dreamer,Shy,"A mature student who finds peace in dancing and quiet study."
G054,Meera Taylor,19,Madrid,Spain,Content Writer,The Techie,Witty,"A sharp-witted writer who loves gaming and modern digital culture."
G055,Emma Joshi,18,Berlin,Germany,Student,The Intellectual,Very Shy,"A brilliant PhD student in Berlin who is very private and focused."
G056,Meera Verma,19,New York,USA,Designer,The Athlete,Confident,"A confident designer who maintains a high-energy fitness routine."
G057,Pooja Kapoor,30,Hyderabad,India,Student,The Caretaker,Balanced,"A grounded student who finds joy in cooking for her family."
G058,Sneha Iyer,18,London,UK,Teacher,The Creative,Shy,"A shy young teacher in London with a passion for photography."
G059,Kavya Gupta,21,Sydney,Australia,Marketing Manager,The Alpha,Bold,"A bold marketing manager who isn't afraid to lead big campaigns."
G060,Riya Singh,28,Pune,India,Data Analyst,The Athlete,Daring,"A daring analyst who loves the thrill of competitive cricket."
G061,Priya Taylor,22,London,UK,Entrepreneur,The Adventurer,Wild,"A wild-at-heart traveler and entrepreneur based in London."
G062,Pooja Iyer,21,Kolkata,India,Consultant,The Dreamer,Soft,"A gentle consultant who finds her inspiration in music and art."
G063,Olivia Brown,27,Madrid,Spain,Teacher,The Caretaker,Balanced,"A stable and nurturing teacher who values a balanced life."
G064,Pooja Patel,23,Hyderabad,India,Consultant,The Techie,Gen Z,"A Gen Z consultant who stays ahead of the curve through gaming."
G065,Emma Lewis,18,Chennai,India,Marketing Manager,The Alpha,Bold,"A young, bold marketer with high ambitions for her career."
G066,Sneha Gupta,21,Mumbai,India,Software Engineer,The Caretaker,Soft,"A soft and helpful engineer who loves gardening and peace."
G067,Priya Clark,24,Chennai,India,HR Executive,The Intellectual,Shy,"A thoughtful HR executive who relies on deep logic and research."
G068,Isabella Anderson,26,London,UK,Marketing Manager,The Athlete,Confident,"A confident manager who thrives in the competitive world of sports."
G069,Mia Mehta,21,Delhi,India,Content Writer,The Socialite,Witty,"A witty writer in Delhi who enjoys social gatherings and dance."
G070,Neha Lopez,24,Paris,France,Student,The Creative,Shy,"A shy student in Paris who finds her voice through painting."
G071,Ava Lewis,24,Hyderabad,India,Designer,The Intellectual,Balanced,"A balanced designer who values logic and mental clarity."
G072,Isabella Patel,22,Berlin,Germany,Student,The Creative,Witty,"A witty student in Berlin with a passion for photography."
G073,Amelia Sharma,24,Sydney,Australia,Entrepreneur,The Alpha,Bold,"A bold entrepreneur in Sydney building her own business."
G074,Mia Kapoor,30,London,UK,Entrepreneur,The Intellectual,Shy,"A quiet, strategic entrepreneur who values deep focus."
G075,Priya Malhotra,28,Melbourne,Australia,Consultant,The Alpha,Bold,"A bold consultant known for leading high-stakes projects."
G076,Riya Joshi,27,London,UK,Consultant,The Adventurer,Wild,"An adventurous consultant who lives for travel and new cooking."
G077,Mia Mehta,28,Berlin,Germany,Student,The Techie,Gen Z,"A tech-focused student who stays current with all digital trends."
G078,Neha Martinez,25,Paris,France,Consultant,The Caretaker,Soft,"A soft-spoken consultant who finds peace in the kitchen."
G079,Meera Taylor,29,Delhi,India,Designer,The Adventurer,Confident,"A confident traveler who brings a global perspective to her designs."
G080,Isabella Gupta,19,Madrid,Spain,Teacher,The Intellectual,Very Shy,"A very shy teacher who finds comfort in books and study."
G081,Isha Taylor,23,Hyderabad,India,Content Writer,The Techie,Witty,"A witty writer who loves the logic and challenge of gaming."
G082,Sofia Malhotra,30,Mumbai,India,Consultant,The Dreamer,Soft,"A gentle consultant who values music and family harmony."
G083,Isha Lopez,28,New York,USA,Designer,Bold & Edgy,Daring,"A daring designer in NYC who challenges every boundary."
G084,Neha Martinez,22,Mumbai,India,Data Analyst,The Intellectual,Shy,"A reserved analyst who excels in logic and deep writing."
G085,Priya Sharma,26,Chennai,India,Consultant,The Techie,Gen Z,"A modern consultant who uses gaming to stay sharp and witty."
G086,Sofia Verma,30,Sydney,Australia,Data Analyst,The Intellectual,Balanced,"A balanced data expert who values family and quiet reading."
G087,Ava Lopez,28,New York,USA,Teacher,The Caretaker,Soft,"A nurturing teacher who finds joy in cooking for friends."
G088,Ananya Verma,18,Toronto,Canada,Content Writer,The Dreamer,Shy,"A shy young writer who enjoys the peaceful rhythm of cooking."
G089,Pooja Sharma,28,Madrid,Spain,Software Engineer,The Athlete,Bold,"A bold software engineer who stays fit and competitive."
G090,Olivia Gupta,27,Paris,France,HR Executive,The Techie,Witty,"A witty HR professional who understands the modern gamer mindset."
G091,Olivia Anderson,21,Melbourne,Australia,Student,The Creative,Shy,"A shy student who captures the world through her camera."
G092,Sofia Lewis,18,Sydney,Australia,Consultant,The Dreamer,Very Shy,"A very private young consultant who expresses herself through writing."
G093,Sneha Kapoor,23,Toronto,Canada,Teacher,The Techie,Gen Z,"A Gen Z teacher who uses technology to change how kids learn."
G094,Neha Martinez,19,Melbourne,Australia,Software Engineer,The Caretaker,Soft,"A soft-hearted engineer who finds peace in her garden."
G095,Kavya Taylor,30,Paris,France,Data Analyst,The Intellectual,Balanced,"A balanced analyst who enjoys reading and quiet evenings."
G096,Kavya Gupta,22,Hyderabad,India,Teacher,The Creative,Shy,"A shy teacher who uses painting to share her inner world."
G097,Neha Martinez,30,Delhi,India,HR Executive,The Alpha,Bold,"A bold leader who commands respect in the Delhi HR industry."
G098,Priya Gupta,18,Hyderabad,India,Student,The Intellectual,Very Shy,"A very shy student who values the quiet discipline of reading."
G099,Sofia Harris,22,Mumbai,India,Marketing Manager,The Dreamer,Soft,"A gentle marketing manager who finds peace in music and travel."
G100,Pooja Lopez,29,Hyderabad,India,Software Engineer,The Intellectual,Shy,"A quiet and logical engineer who practices yoga for clarity."
G101,Ananya Gupta,22,Mumbai,India,Marketing Manager,The Athlete,Confident,"A fit and focused manager who leads with confidence."
G102,Riya Lewis,25,Berlin,Germany,Consultant,The Creative,Witty,"A witty consultant in Berlin with a passion for creative arts."
G103,Sneha Malhotra,29,Sydney,Australia,Data Analyst,The Intellectual,Balanced,"A logical and steady analyst who values a balanced lifestyle."
G104,Mia Clark,19,Toronto,Canada,Designer,The Techie,Gen Z,"A young designer in Toronto who is deep into tech and trends."
G105,Pooja Verma,24,Paris,France,HR Executive,The Alpha,Bold,"A bold HR leader in Paris known for her direct approach."
G106,Kavya Iyer,18,Kolkata,India,Student,The Caretaker,Soft,"A soft-spoken student dedicated to helping others in Kolkata."
G107,Isabella Mehta,27,New York,USA,Entrepreneur,The Adventurer,Wild,"A wild-at-heart entrepreneur exploring the New York business scene."
G108,Ava Brown,21,London,UK,Teacher,The Dreamer,Very Shy,"A very shy teacher in London who finds her voice in writing."
G109,Sofia Joshi,24,Pune,India,Software Engineer,The Techie,Witty,"A sharp and witty coder who loves solving complex puzzles."
G110,Amelia Singh,30,Delhi,India,Consultant,The Intellectual,Shy,"A reserved consultant who focuses on strategic growth in Delhi."
G111,Isha Gupta,22,Hyderabad,India,Student,The Socialite,Gen Z,"A socially active student who stays connected with every trend."
G112,Neha Taylor,26,Madrid,Spain,Content Writer,The Creative,Soft,"A gentle writer in Madrid who focuses on creative storytelling."
G113,Chloe Patel,19,Berlin,Germany,Designer,Bold & Edgy,Daring,"A daring designer in Berlin who creates unconventional art."
G114,Priya Wilson,20,Sydney,Australia,Marketing Manager,The Alpha,Bold,"A bold young marketer ready to take over the Sydney market."
G115,Emma Martinez,30,Kolkata,India,Software Engineer,The Caretaker,Balanced,"A stable engineer who prioritizes a peaceful home life."
G116,Sneha Clark,24,Chennai,India,HR Executive,The Intellectual,Shy,"A thoughtful professional who values research in HR."
G117,Riya Malhotra,21,Mumbai,India,Consultant,The Athlete,Confident,"A confident consultant who stays sharp through sports."
G118,Olivia Joshi,23,London,UK,Data Analyst,The Techie,Witty,"A data analyst in London with a quick wit and love for tech."
G119,Kavya Lopez,28,Paris,France,Designer,The Dreamer,Soft,"A soft-hearted designer who finds inspiration in Paris rain."
G120,Pooja Sharma,19,Pune,India,Student,The Adventurer,Wild,"A wild student traveler who loves the thrill of the unknown."
G121,Meera Anderson,22,New York,USA,Entrepreneur,The Alpha,Bold,"A bold New York entrepreneur building her first startup."
G122,Isabella Iyer,24,Hyderabad,India,Content Writer,The Intellectual,Shy,"A reserved writer who enjoys long hours of deep study."
G123,Ava Harris,30,Toronto,Canada,Teacher,The Caretaker,Soft,"A nurturing teacher who creates a peaceful classroom."
G124,Sofia Patel,26,Melbourne,Australia,Software Engineer,The Athlete,Daring,"A daring engineer who loves extreme sports and coding."
G125,Isha Martinez,18,Berlin,Germany,Student,The Techie,Gen Z,"A young Gen Z student in Berlin who is always online."
G126,Ananya Mehta,20,Delhi,India,HR Executive,The Socialite,Witty,"A witty HR professional who loves meeting new people."
G127,Mia Taylor,29,London,UK,Consultant,The Intellectual,Balanced,"A balanced consultant who values logic and quiet evenings."
G128,Emma Gupta,21,Mumbai,India,Designer,The Creative,Shy,"A shy designer who expresses herself through her sketches."
G129,Pooja Lewis,25,Sydney,Australia,Marketing Manager,The Alpha,Bold,"A bold manager who leads her team with high energy."
G130,Kavya Sharma,30,Kolkata,India,Data Analyst,The Caretaker,Balanced,"A grounded analyst who values family and stability."
G131,Riya Lopez,22,Madrid,Spain,Consultant,The Dreamer,Soft,"A gentle consultant who loves music and Spanish culture."
G132,Isabella Wilson,28,Paris,France,Teacher,The Intellectual,Shy,"A quiet teacher in Paris who focuses on academic depth."
G133,Olivia Singh,19,Toronto,Canada,Student,The Athlete,Confident,"A confident student athlete who plays to win."
G134,Chloe Mehta,24,Berlin,Germany,Software Engineer,The Techie,Witty,"A sharp coder in Berlin with a dry and witty sense of humor."
G135,Ava Joshi,21,London,UK,Data Analyst,The Socialite,Gen Z,"A Gen Z data analyst who loves social media and tech."
G136,Mia Malhotra,27,Pune,India,Designer,Bold & Edgy,Daring,"A daring designer in Pune who creates edgy, bold styles."
G137,Ananya Lopez,30,New York,USA,Entrepreneur,The Alpha,Bold,"A strong leader in NYC who is always ready for a challenge."
G138,Sofia Patel,18,Hyderabad,India,Student,The Dreamer,Very Shy,"A very shy student who lives in a world of art and dreams."
G139,Isha Verma,26,Kolkata,India,Content Writer,The Intellectual,Shy,"A thoughtful writer who prefers research over social events."
G140,Priya Harris,22,Sydney,Australia,Consultant,The Adventurer,Wild,"A wild consultant who loves to travel and try new foods."
G141,Emma Singh,19,Melbourne,Australia,Software Engineer,The Caretaker,Soft,"A soft and caring engineer who loves to help her team."
G142,Olivia Taylor,30,Berlin,Germany,Marketing Manager,The Intellectual,Balanced,"A stable manager who enjoys data and quiet weekends."
G143,Riya Iyer,24,Chennai,India,HR Executive,The Creative,Witty,"A witty HR professional who brings creativity to her work."
G144,Meera Patel,21,Mumbai,India,Student,The Techie,Gen Z,"A tech-loving student in Mumbai who is always gaming."
G145,Kavya Martinez,28,Paris,France,Consultant,The Alpha,Bold,"A bold consultant in Paris who commands respect."
G146,Pooja Anderson,25,Toronto,Canada,Designer,The Dreamer,Soft,"A gentle designer who creates peaceful, airy spaces."
G147,Isabella Sharma,19,Pune,India,Data Analyst,The Athlete,Daring,"A daring analyst who loves competitive sports and logic."
G148,Ava Malhotra,23,London,UK,Teacher,The Caretaker,Balanced,"A grounded teacher who keeps her life and work in harmony."
G149,Sofia Gupta,30,Delhi,India,Software Engineer,The Intellectual,Shy,"A reserved and brilliant engineer who prefers quiet study."
G150,Isha Lewis,22,Madrid,Spain,Entrepreneur,Bold & Edgy,Wild,"An edgy entrepreneur in Madrid who takes wild risks."
